Experiment,Band,Samples,Label Min,Label Max,MAE,Mean Signed Error,Overestimate Fraction,Underestimate Fraction
Baseline,Low,3076,0.0292017665,0.3104723394,0.0282322712,0.0120093346,0.6228868661,0.3771131339
Baseline,Middle,3075,0.3105439842,0.3804727495,0.0252467018,-0.0015824125,0.4497560976,0.5502439024
Baseline,High,3075,0.3805047572,0.8836057782,0.0462561206,-0.0106005940,0.3960975610,0.6039024390
Ranking,Low,3076,0.0292017665,0.3104723394,0.0268995201,0.0111463649,0.6274382315,0.3725617685
Ranking,Middle,3075,0.3105439842,0.3804727495,0.0241379391,-0.0019067528,0.4520325203,0.5479674797
Ranking,High,3075,0.3805047572,0.8836057782,0.0459779462,-0.0121131226,0.3990243902,0.6009756098
Multi-scale,Low,3076,0.0292017665,0.3104723394,0.0279093593,0.0117637724,0.6303641092,0.3696358908
Multi-scale,Middle,3075,0.3105439842,0.3804727495,0.0244661509,-0.0002122935,0.4604878049,0.5395121951
Multi-scale,High,3075,0.3805047572,0.8836057782,0.0457564266,-0.0058662731,0.4341463415,0.5658536585
Pearson,Low,3076,0.0292017665,0.3104723394,0.0257287719,0.0010399668,0.4977243173,0.5022756827
Pearson,Middle,3075,0.3105439842,0.3804727495,0.0245520278,-0.0026726113,0.4357723577,0.5642276423
Pearson,High,3075,0.3805047572,0.8836057782,0.0449971795,0.0007105987,0.4751219512,0.5248780488
